{
  "MeshCube|2023-04-20T13:03:52.158Z|47053": {
    "ƒ.MeshCube": {
      "idResource": "MeshCube|2023-04-20T13:03:52.158Z|47053",
      "name": "MeshCube",
      "type": "MeshCube"
    }
  },
  "Material|2023-04-20T13:14:40.166Z|03167": {
    "ƒ.Material": {
      "name": "ShaderFlat",
      "idResource": "Material|2023-04-20T13:14:40.166Z|03167",
      "shader": "ShaderFlat",
      "coat": {
        "ƒ.CoatRemissive": {
          "color": "[1, 1, 1, 1]",
          "diffuse": 1,
          "specular": 0
        }
      }
    }
  },
  "Graph|2023-04-20T13:15:04.086Z|49512": {
    "ƒ.Graph": {
      "name": "Game",
      "active": true,
      "components": {
        "ComponentLight": [
          {
            "ƒ.ComponentLight": {
              "pivot": {
                "translation": "[0, 0, 0]",
                "rotation": "[30, 20, 0]",
                "scaling": "[1, 1, 1]"
              },
              "light": {
                "ƒ.LightDirectional": {
                  "color": "[1, 1, 1, 1]"
                }
              },
              "Component": {
                "active": true
              }
            }
          },
          {
            "ƒ.ComponentLight": {
              "pivot": {
                "translation": "[0, 0, 0]",
                "rotation": "[0, 0, 0]",
                "scaling": "[1, 1, 1]"
              },
              "light": {
                "ƒ.LightAmbient": {
                  "color": "[0.1803921568627451, 0.1803921568627451, 0.1803921568627451, 1]"
                }
              },
              "Component": {
                "active": true
              }
            }
          }
        ]
      },
      "children": [
        {
          "ƒ.Node": {
            "name": "Steve",
            "active": true,
            "components": {
              "ComponentTransform": [
                {
                  "ƒ.ComponentTransform": {
                    "local": {
                      "translation": "[0, 10, 0]",
                      "rotation": "[0, 0, 0]",
                      "scaling": "[0.7999999523162842, 0.7999999523162842, 0.7999999523162842]"
                    },
                    "Component": {
                      "active": true
                    }
                  }
                }
              ],
              "ComponentRigidbody": [
                {
                  "ƒ.ComponentRigidbody": {
                    "initialization": "TO_NODE",
                    "friction": 0,
                    "restitution": 0.2,
                    "mass": 85,
                    "dampTranslation": 2.8,
                    "dampRotation": 3,
                    "effectGravity": 1,
                    "typeBody": "DYNAMIC",
                    "typeCollider": "CAPSULE",
                    "isTrigger": false,
                    "id": 0,
                    "pivot": {
                      "translation": "[0, 0, 0]",
                      "rotation": "[0, 0, 0]",
                      "scaling": "[1, 1, 1]"
                    },
                    "Component": {
                      "active": true
                    }
                  }
                }
              ],
              "ComponentCamera": [],
              "JointRevolute": [
                {
                  "ƒ.JointRevolute": {
                    "motorTorque": 0,
                    "JointAxial": {
                      "springDamping": 0,
                      "springFrequency": 0,
                      "maxMotor": 360,
                      "minMotor": 0,
                      "motorSpeed": 0,
                      "axis": "[0, 1, 0]",
                      "Joint": {
                        "nameChildToConnect": "Camera",
                        "internalCollision": true,
                        "breakForce": 0,
                        "breakTorque": 0,
                        "anchor": "[0, 0, 0]",
                        "Component": {
                          "active": true
                        }
                      }
                    }
                  }
                }
              ]
            },
            "children": [
              {
                "ƒ.Node": {
                  "name": "Camera",
                  "active": true,
                  "components": {
                    "ComponentCamera": [
                      {
                        "ƒ.ComponentCamera": {
                          "backgroundColor": {
                            "r": 0,
                            "g": 0,
                            "b": 0,
                            "a": 1
                          },
                          "backgroundEnabled": true,
                          "projection": "central",
                          "fieldOfView": 45,
                          "direction": "diagonal",
                          "aspect": 1,
                          "pivot": {
                            "translation": "[0, 0, 0]",
                            "rotation": "[0, 0, 0]",
                            "scaling": "[1, 1, 1]"
                          },
                          "Component": {
                            "active": true
                          }
                        }
                      }
                    ],
                    "ComponentTransform": [
                      {
                        "ƒ.ComponentTransform": {
                          "local": {
                            "translation": "[-0.8000000715255737, 0, -4]",
                            "rotation": "[0, 0, 0]",
                            "scaling": "[0.9999998807907104, 1, 1]"
                          },
                          "Component": {
                            "active": true
                          }
                        }
                      }
                    ],
                    "ComponentRigidbody": [
                      {
                        "ƒ.ComponentRigidbody": {
                          "initialization": "TO_PIVOT",
                          "friction": 0.2,
                          "restitution": 0.2,
                          "mass": 1,
                          "dampTranslation": 0.1,
                          "dampRotation": 0.1,
                          "effectGravity": 1,
                          "typeBody": "DYNAMIC",
                          "typeCollider": "SPHERE",
                          "isTrigger": false,
                          "id": 1,
                          "pivot": {
                            "translation": "[0, 0, 0]",
                            "rotation": "[0, 0, 0]",
                            "scaling": "[1, 1, 1]"
                          },
                          "Component": {
                            "active": true
                          }
                        }
                      }
                    ]
                  },
                  "children": []
                }
              }
            ]
          }
        }
      ],
      "idResource": "Graph|2023-04-20T13:15:04.086Z|49512",
      "type": "Graph"
    }
  },
  "Graph|2023-04-20T13:20:07.943Z|28797": {
    "ƒ.Graph": {
      "name": "Cube",
      "active": true,
      "components": {
        "ComponentMesh": [
          {
            "ƒ.ComponentMesh": {
              "idMesh": "MeshCube|2023-04-20T13:03:52.158Z|47053",
              "pivot": {
                "translation": "[0, 0, 0]",
                "rotation": "[0, 0, 0]",
                "scaling": "[1, 1, 1]"
              },
              "Component": {
                "active": true
              }
            }
          }
        ],
        "ComponentMaterial": [
          {
            "ƒ.ComponentMaterial": {
              "sortForAlpha": false,
              "clrPrimary": "[0.9098039215686274, 0.06666666666666667, 0.06666666666666667, 1]",
              "clrSecondary": "[1, 1, 1, 1]",
              "pivot": {
                "translation": "[0, 0]",
                "rotation": 0,
                "scaling": "[1, 1]"
              },
              "Component": {
                "active": true
              },
              "idMaterial": "Material|2023-04-20T13:14:40.166Z|03167"
            }
          }
        ],
        "ComponentTransform": [
          {
            "ƒ.ComponentTransform": {
              "local": {
                "translation": "[1, 0, 0]",
                "rotation": "[0, 0, 0]",
                "scaling": "[1, 1, 1]"
              },
              "Component": {
                "active": true
              }
            }
          }
        ]
      },
      "children": [],
      "idResource": "Graph|2023-04-20T13:20:07.943Z|28797",
      "type": "Graph"
    }
  }
}